Código,Fecha de Generación
BS24P0MTDZ,2025-04-06T15:52:02.194Z
BS247ITMYX,2025-04-06T15:52:02.194Z
BS2467P7BJ,2025-04-06T15:52:02.194Z
BS24FY8ENK,2025-04-06T15:52:02.194Z
BS24NP9TN8,2025-04-06T15:52:02.194Z
BS241TR5OJ,2025-04-06T15:52:02.194Z
BS24EO4LXT,2025-04-06T15:52:02.194Z
BS24AYF7KJ,2025-04-06T15:52:02.194Z
BS245H8F3S,2025-04-06T15:52:02.194Z
BS245S3UG3,2025-04-06T15:52:02.194Z
BS241JVSW1,2025-04-06T15:52:02.194Z
BS24PPT97B,2025-04-06T15:52:02.194Z
BS24XSI196,2025-04-06T15:52:02.194Z
BS24S586KO,2025-04-06T15:52:02.194Z
BS24N1DK8T,2025-04-06T15:52:02.194Z
BS24HM77N9,2025-04-06T15:52:02.194Z
BS24CWL37A,2025-04-06T15:52:02.194Z
BS24BFSM0X,2025-04-06T15:52:02.194Z
BS247GHJ3R,2025-04-06T15:52:02.194Z
BS24HALTPD,2025-04-06T15:52:02.194Z
BS24BT1HX0,2025-04-06T15:52:02.194Z
BS24CC3S9D,2025-04-06T15:52:02.194Z
BS2486NPRC,2025-04-06T15:52:02.194Z
BS24F8FSVB,2025-04-06T15:52:02.194Z
BS24IZ1EDO,2025-04-06T15:52:02.194Z
BS246I4OZL,2025-04-06T15:52:02.194Z
BS24UF07OT,2025-04-06T15:52:02.194Z
BS24MY7AJT,2025-04-06T15:52:02.194Z
BS24GLHERP,2025-04-06T15:52:02.194Z
BS24FUWP1I,2025-04-06T15:52:02.194Z
BS24XV234G,2025-04-06T15:52:02.194Z
BS24CXC4RN,2025-04-06T15:52:02.194Z
BS245PP6ZA,2025-04-06T15:52:02.194Z
BS247KH7GH,2025-04-06T15:52:02.194Z
BS24RJ0G89,2025-04-06T15:52:02.194Z
BS2467BX0P,2025-04-06T15:52:02.194Z
BS247A0ORT,2025-04-06T15:52:02.194Z
BS24ACW7QL,2025-04-06T15:52:02.194Z
BS24FGB6E5,2025-04-06T15:52:02.194Z
BS2482KOYP,2025-04-06T15:52:02.194Z
BS2447K6ZX,2025-04-06T15:52:02.194Z
BS248J11M1,2025-04-06T15:52:02.194Z
BS24S1EQV1,2025-04-06T15:52:02.194Z
BS24559FRZ,2025-04-06T15:52:02.194Z
BS24TJ2XZ4,2025-04-06T15:52:02.194Z
BS24VTOA2Z,2025-04-06T15:52:02.194Z
BS24FATDF1,2025-04-06T15:52:02.194Z
BS24Q0EI7J,2025-04-06T15:52:02.194Z
BS248V4OGQ,2025-04-06T15:52:02.194Z
BS244FYBBS,2025-04-06T15:52:02.194Z
BS24KZX339,2025-04-06T15:52:02.194Z
BS24V8V7BD,2025-04-06T15:52:02.194Z
BS24PV41FH,2025-04-06T15:52:02.194Z
BS24V3UDG5,2025-04-06T15:52:02.194Z
BS241TY9ON,2025-04-06T15:52:02.194Z
BS24O7AOHU,2025-04-06T15:52:02.194Z
BS24TYKGV5,2025-04-06T15:52:02.194Z
BS24B4EM4K,2025-04-06T15:52:02.194Z
BS2497NJYK,2025-04-06T15:52:02.194Z
BS24VY2VW2,2025-04-06T15:52:02.194Z
BS24TQXPPF,2025-04-06T15:52:02.194Z
BS247FGECM,2025-04-06T15:52:02.194Z
BS24PQ44ZQ,2025-04-06T15:52:02.194Z
BS24ESA0TV,2025-04-06T15:52:02.194Z
BS245PWHD6,2025-04-06T15:52:02.194Z
BS24SEOKSK,2025-04-06T15:52:02.194Z
BS24D4Y4VD,2025-04-06T15:52:02.194Z
BS24ET3AFL,2025-04-06T15:52:02.194Z
BS24QH0TRM,2025-04-06T15:52:02.194Z
BS24GGXOU3,2025-04-06T15:52:02.194Z
BS24XGP9DI,2025-04-06T15:52:02.194Z
BS24WD0T8U,2025-04-06T15:52:02.194Z
BS2420ZOAP,2025-04-06T15:52:02.194Z
BS24Z2YMBJ,2025-04-06T15:52:02.194Z
BS244EFNYY,2025-04-06T15:52:02.194Z
BS24Z6EP60,2025-04-06T15:52:02.194Z
BS24V2SNMC,2025-04-06T15:52:02.194Z
BS24WE1465,2025-04-06T15:52:02.194Z
BS24TFQXNC,2025-04-06T15:52:02.194Z
BS24S780DN,2025-04-06T15:52:02.194Z
BS24WE3OBO,2025-04-06T15:52:02.194Z
BS24JYKRAH,2025-04-06T15:52:02.194Z
BS24WQIPZ8,2025-04-06T15:52:02.194Z
BS249YUECZ,2025-04-06T15:52:02.194Z
BS24BTK48V,2025-04-06T15:52:02.194Z
BS2461VIIP,2025-04-06T15:52:02.194Z
BS248GONMA,2025-04-06T15:52:02.194Z
BS24VLKW86,2025-04-06T15:52:02.194Z
BS240CHV1G,2025-04-06T15:52:02.194Z
BS24GON2W1,2025-04-06T15:52:02.194Z
BS24Y8PL6Z,2025-04-06T15:52:02.194Z
BS24BNTOFQ,2025-04-06T15:52:02.194Z
BS24ERSYPK,2025-04-06T15:52:02.194Z
BS24WR53JS,2025-04-06T15:52:02.194Z
BS24IQKGFT,2025-04-06T15:52:02.194Z
BS2429ADX4,2025-04-06T15:52:02.194Z
BS24OAZQ8V,2025-04-06T15:52:02.194Z
BS244NA4CP,2025-04-06T15:52:02.194Z
BS2474EKVR,2025-04-06T15:52:02.194Z
BS242JS8KC,2025-04-06T15:52:02.194Z
BS24RWJVYO,2025-04-06T15:52:02.194Z
BS24MBFV9Q,2025-04-06T15:52:02.194Z
BS24M2XLXJ,2025-04-06T15:52:02.194Z
BS24E2Q8DP,2025-04-06T15:52:02.194Z
BS24DFOTCO,2025-04-06T15:52:02.194Z
BS24Q815F4,2025-04-06T15:52:02.194Z
BS243U0SJS,2025-04-06T15:52:02.194Z
BS24KWSZU7,2025-04-06T15:52:02.194Z
BS24V425HK,2025-04-06T15:52:02.194Z
BS24ZF2CXS,2025-04-06T15:52:02.194Z
BS24BKXCIV,2025-04-06T15:52:02.194Z
BS24QSJLPX,2025-04-06T15:52:02.194Z
BS2411IJ7X,2025-04-06T15:52:02.194Z
BS24HN1VML,2025-04-06T15:52:02.194Z
BS24JE2PDX,2025-04-06T15:52:02.194Z
BS247YFN1R,2025-04-06T15:52:02.194Z
BS24AUGZYL,2025-04-06T15:52:02.194Z
BS24W2C6UC,2025-04-06T15:52:02.194Z
BS24G0ZWZE,2025-04-06T15:52:02.194Z
BS24HI1T57,2025-04-06T15:52:02.194Z
BS24398VEI,2025-04-06T15:52:02.194Z
BS24VWRPAO,2025-04-06T15:52:02.194Z
BS24RKHKL4,2025-04-06T15:52:02.194Z
BS24O1NXVK,2025-04-06T15:52:02.194Z
BS24ZHNGW7,2025-04-06T15:52:02.194Z
BS24M5NNPS,2025-04-06T15:52:02.194Z
BS24BLT2RE,2025-04-06T15:52:02.194Z
BS24445D48,2025-04-06T15:52:02.194Z
BS240S16FM,2025-04-06T15:52:02.194Z
BS24FA4HF8,2025-04-06T15:52:02.194Z
BS240NRETG,2025-04-06T15:52:02.194Z
BS24CW7NE5,2025-04-06T15:52:02.194Z
BS24LR9A2B,2025-04-06T15:52:02.194Z
BS245YH1VW,2025-04-06T15:52:02.194Z
BS249G7GVQ,2025-04-06T15:52:02.194Z
BS24EB9D6H,2025-04-06T15:52:02.194Z
BS24HJ3IYP,2025-04-06T15:52:02.194Z
BS247KJUFI,2025-04-06T15:52:02.194Z
BS248M6PHY,2025-04-06T15:52:02.194Z
BS24FVKNDN,2025-04-06T15:52:02.194Z
BS24N9RHD4,2025-04-06T15:52:02.194Z
BS24IXQ8RM,2025-04-06T15:52:02.194Z
BS241PR0HZ,2025-04-06T15:52:02.194Z
BS242X55EW,2025-04-06T15:52:02.194Z
BS24V5VY1R,2025-04-06T15:52:02.194Z
BS24TWTW99,2025-04-06T15:52:02.194Z
BS2497IG1C,2025-04-06T15:52:02.194Z
BS24UCMDD8,2025-04-06T15:52:02.194Z
BS240XQBF1,2025-04-06T15:52:02.194Z
BS24DDSQDA,2025-04-06T15:52:02.194Z
BS243K4WCM,2025-04-06T15:52:02.194Z
BS244XMIX4,2025-04-06T15:52:02.194Z
BS24WO6T8E,2025-04-06T15:52:02.194Z
BS24XUR0J1,2025-04-06T15:52:02.194Z
BS24W1KVTE,2025-04-06T15:52:02.194Z
BS24J52RYQ,2025-04-06T15:52:02.194Z
BS24TKNERV,2025-04-06T15:52:02.194Z
BS24EZB9D7,2025-04-06T15:52:02.194Z
BS24NIBOPZ,2025-04-06T15:52:02.194Z
BS245YZHMR,2025-04-06T15:52:02.194Z
BS24S0BEQR,2025-04-06T15:52:02.194Z
BS24LT99BS,2025-04-06T15:52:02.194Z
BS24016QW9,2025-04-06T15:52:02.194Z
BS245O8W3D,2025-04-06T15:52:02.194Z
BS242QSVVA,2025-04-06T15:52:02.194Z
BS241F35IJ,2025-04-06T15:52:02.194Z
BS24SGP7ED,2025-04-06T15:52:02.194Z
BS2424VVCI,2025-04-06T15:52:02.194Z
BS24VT4MP4,2025-04-06T15:52:02.194Z
BS24UC5EH0,2025-04-06T15:52:02.194Z
BS2460494P,2025-04-06T15:52:02.194Z
BS24O1WV72,2025-04-06T15:52:02.194Z
BS2483ME0K,2025-04-06T15:52:02.194Z
BS24F3G6YY,2025-04-06T15:52:02.194Z
BS24C8KBL8,2025-04-06T15:52:02.194Z
BS2444P1DM,2025-04-06T15:52:02.194Z
BS241GFFHI,2025-04-06T15:52:02.194Z
BS24M4S6L6,2025-04-06T15:52:02.194Z
BS24KU8S1Z,2025-04-06T15:52:02.194Z
BS248PTBJW,2025-04-06T15:52:02.194Z
BS24X3ITXN,2025-04-06T15:52:02.194Z
BS2433O1Z8,2025-04-06T15:52:02.194Z
BS241LGDRX,2025-04-06T15:52:02.194Z
BS24S63LAZ,2025-04-06T15:52:02.194Z
BS24X3A2CW,2025-04-06T15:52:02.194Z
BS24AL84J2,2025-04-06T15:52:02.194Z
BS24GJEXAU,2025-04-06T15:52:02.194Z
BS24ZZ92GG,2025-04-06T15:52:02.194Z
BS249CACX1,2025-04-06T15:52:02.194Z
BS24PGCAUK,2025-04-06T15:52:02.194Z
BS245HT4I7,2025-04-06T15:52:02.194Z
BS24V0B7T0,2025-04-06T15:52:02.194Z
BS24PBR1SM,2025-04-06T15:52:02.194Z
BS24MIKNE8,2025-04-06T15:52:02.194Z
BS24SZ1J7R,2025-04-06T15:52:02.194Z
BS24ASHKOV,2025-04-06T15:52:02.194Z
BS24MQVILN,2025-04-06T15:52:02.194Z
BS24TREEQT,2025-04-06T15:52:02.194Z
BS24DHSGBU,2025-04-06T15:52:02.194Z
BS24HALT2M,2025-04-06T15:52:02.194Z
BS24U6MDJA,2025-04-06T15:52:02.194Z
BS24JK6NRA,2025-04-06T15:52:02.194Z
BS24JCKCJZ,2025-04-06T15:52:02.194Z
BS2429ZNNU,2025-04-06T15:52:02.194Z
BS2411Q6O5,2025-04-06T15:52:02.194Z
BS24N3RLCU,2025-04-06T15:52:02.194Z
BS24UI6AJ2,2025-04-06T15:52:02.194Z
BS24BYZXMU,2025-04-06T15:52:02.194Z
BS24WSE63D,2025-04-06T15:52:02.194Z
BS24I2QA1C,2025-04-06T15:52:02.194Z
BS24OWZFX0,2025-04-06T15:52:02.194Z
BS240RBJKR,2025-04-06T15:52:02.194Z
BS24CB1ZSY,2025-04-06T15:52:02.194Z
BS24Z9KRIA,2025-04-06T15:52:02.194Z
BS248Q2JEF,2025-04-06T15:52:02.194Z
BS24FD29YL,2025-04-06T15:52:02.194Z
BS24RPXC0I,2025-04-06T15:52:02.194Z
BS24S4HTVP,2025-04-06T15:52:02.194Z
BS242TOVNU,2025-04-06T15:52:02.194Z
BS24SKXMFW,2025-04-06T15:52:02.194Z
BS242W2A2K,2025-04-06T15:52:02.194Z
BS248SUFPU,2025-04-06T15:52:02.194Z
BS24RT9NYX,2025-04-06T15:52:02.194Z
BS24EQGTBB,2025-04-06T15:52:02.194Z
BS24DYGU8D,2025-04-06T15:52:02.194Z
BS24V9U286,2025-04-06T15:52:02.194Z
BS24SQGN82,2025-04-06T15:52:02.194Z
BS24G6DTK9,2025-04-06T15:52:02.194Z
BS24G1DWJI,2025-04-06T15:52:02.194Z
BS2473GAFX,2025-04-06T15:52:02.194Z
BS246QCR55,2025-04-06T15:52:02.194Z
BS244EOXKF,2025-04-06T15:52:02.194Z
BS242CPL1R,2025-04-06T15:52:02.194Z
BS24SWI22Z,2025-04-06T15:52:02.194Z
BS24M5RFRF,2025-04-06T15:52:02.194Z
BS24TR58MK,2025-04-06T15:52:02.194Z
BS24ZDRRUL,2025-04-06T15:52:02.194Z
BS24G1HKSU,2025-04-06T15:52:02.194Z
BS24KMG7HC,2025-04-06T15:52:02.194Z
BS24FBKKR9,2025-04-06T15:52:02.194Z
BS24K8EK7V,2025-04-06T15:52:02.194Z
BS24B14JTR,2025-04-06T15:52:02.194Z
BS24D3NVYS,2025-04-06T15:52:02.194Z
BS24YOZSVB,2025-04-06T15:52:02.194Z
BS24C5WS3Q,2025-04-06T15:52:02.194Z
BS24AI3C92,2025-04-06T15:52:02.194Z
BS24HU24LC,2025-04-06T15:52:02.194Z
BS2493SSN8,2025-04-06T15:52:02.194Z
BS24ZLKR2H,2025-04-06T15:52:02.194Z
BS24NJV15X,2025-04-06T15:52:02.194Z
BS24MNPUR6,2025-04-06T15:52:02.194Z
BS24Q8REQC,2025-04-06T15:52:02.194Z
BS24JPUSXN,2025-04-06T15:52:02.194Z
BS24WMEW8J,2025-04-06T15:52:02.194Z
BS24VDHWCX,2025-04-06T15:52:02.194Z
BS242MVI44,2025-04-06T15:52:02.194Z
BS249I41DW,2025-04-06T15:52:02.194Z
BS242AKBJD,2025-04-06T15:52:02.194Z
BS24WDV7IT,2025-04-06T15:52:02.194Z
BS24XHC4W6,2025-04-06T15:52:02.194Z
BS24DRY2TL,2025-04-06T15:52:02.194Z
BS24EHJLJD,2025-04-06T15:52:02.194Z
BS24QAR28P,2025-04-06T15:52:02.194Z
BS24GTIOU6,2025-04-06T15:52:02.194Z
BS24FAL8C6,2025-04-06T15:52:02.194Z
BS24058DGW,2025-04-06T15:52:02.194Z
BS24FSLNRI,2025-04-06T15:52:02.194Z
BS245LOSVR,2025-04-06T15:52:02.194Z
BS24GNJYT9,2025-04-06T15:52:02.194Z
BS24MME3EO,2025-04-06T15:52:02.194Z
BS24WMLT04,2025-04-06T15:52:02.194Z
BS24LMLPO3,2025-04-06T15:52:02.194Z
BS242S63HW,2025-04-06T15:52:02.194Z
BS24R4LZLJ,2025-04-06T15:52:02.194Z
BS241BYM2S,2025-04-06T15:52:02.194Z
BS24Z383BU,2025-04-06T15:52:02.194Z
BS24HPNJDX,2025-04-06T15:52:02.194Z
BS2471CENW,2025-04-06T15:52:02.194Z
BS24U43HKP,2025-04-06T15:52:02.194Z
BS246GUVXK,2025-04-06T15:52:02.194Z
BS2443BMBQ,2025-04-06T15:52:02.194Z
BS24191N36,2025-04-06T15:52:02.194Z
BS246980GJ,2025-04-06T15:52:02.194Z
BS24Q9HPZ5,2025-04-06T15:52:02.194Z
BS24KP5E0E,2025-04-06T15:52:02.194Z
BS24N7QOXQ,2025-04-06T15:52:02.194Z
BS24G4CYS6,2025-04-06T15:52:02.194Z
BS24PC26GN,2025-04-06T15:52:02.194Z
BS24C6TVK9,2025-04-06T15:52:02.194Z
BS24JHE7B1,2025-04-06T15:52:02.194Z
BS242MNUXW,2025-04-06T15:52:02.194Z
BS24KWQR46,2025-04-06T15:52:02.194Z
BS24PQYGZY,2025-04-06T15:52:02.194Z
BS24P4YVJ5,2025-04-06T15:52:02.194Z
BS243K0G53,2025-04-06T15:52:02.194Z
BS24EVCOAH,2025-04-06T15:52:02.194Z
BS24HGQ0TY,2025-04-06T15:52:02.194Z
BS24FKXXFW,2025-04-06T15:52:02.194Z
BS24D5XETD,2025-04-06T15:52:02.194Z
BS24N9JDYY,2025-04-06T15:52:02.194Z
BS249YGUQC,2025-04-06T15:52:02.194Z
BS24H0VIKT,2025-04-06T15:52:02.194Z
BS247IVKYG,2025-04-06T15:52:02.194Z
BS245OO28X,2025-04-06T15:52:02.194Z
BS24AL0T7W,2025-04-06T15:52:02.194Z
BS240VDDJA,2025-04-06T15:52:02.194Z
BS24HFXTBC,2025-04-06T15:52:02.194Z
BS2410NB9L,2025-04-06T15:52:02.194Z
BS24FBLTIL,2025-04-06T15:52:02.194Z
BS24M3GZR9,2025-04-06T15:52:02.194Z
BS24YIELV3,2025-04-06T15:52:02.194Z
BS24E09IB1,2025-04-06T15:52:02.194Z
BS24Z118Z7,2025-04-06T15:52:02.194Z
BS24F9BBQO,2025-04-06T15:52:02.194Z
BS243QGN9C,2025-04-06T15:52:02.194Z
BS242FUK3B,2025-04-06T15:52:02.194Z
BS24G7YL33,2025-04-06T15:52:02.194Z
BS24YIEK6C,2025-04-06T15:52:02.194Z
BS24CICC1W,2025-04-06T15:52:02.194Z
BS24AYOCVV,2025-04-06T15:52:02.194Z
BS24OCNJZ2,2025-04-06T15:52:02.194Z
BS2428W2TS,2025-04-06T15:52:02.194Z
BS24FRPQEQ,2025-04-06T15:52:02.194Z
BS24CCCO5I,2025-04-06T15:52:02.194Z
BS24T5M1TV,2025-04-06T15:52:02.194Z
BS24328RGF,2025-04-06T15:52:02.194Z
BS2425YZC9,2025-04-06T15:52:02.194Z
BS240SMU2V,2025-04-06T15:52:02.194Z
BS24NPDFIY,2025-04-06T15:52:02.194Z
BS24L1L88F,2025-04-06T15:52:02.194Z
BS245SVMJF,2025-04-06T15:52:02.194Z
BS24ELLAFY,2025-04-06T15:52:02.194Z
BS241Q3A0G,2025-04-06T15:52:02.194Z
BS24YEN9HL,2025-04-06T15:52:02.194Z
BS24AEYL13,2025-04-06T15:52:02.194Z
BS24LVN65E,2025-04-06T15:52:02.194Z
BS24E11QZE,2025-04-06T15:52:02.194Z
BS24VGIQ2G,2025-04-06T15:52:02.194Z
BS24IT7EQH,2025-04-06T15:52:02.194Z
BS24EQZA6R,2025-04-06T15:52:02.194Z
BS24I29GLC,2025-04-06T15:52:02.194Z
BS247R5C7P,2025-04-06T15:52:02.194Z
BS249YJ99P,2025-04-06T15:52:02.194Z
BS242Q7EFD,2025-04-06T15:52:02.194Z
BS24U0Z6LF,2025-04-06T15:52:02.194Z
BS24V2V6AS,2025-04-06T15:52:02.194Z
BS24L4FTA2,2025-04-06T15:52:02.194Z
BS24YV5HN0,2025-04-06T15:52:02.194Z
BS24Q07WO2,2025-04-06T15:52:02.194Z
BS24MPAT22,2025-04-06T15:52:02.194Z
BS24SXHEXK,2025-04-06T15:52:02.194Z
BS24LHZJR0,2025-04-06T15:52:02.194Z
BS24JA26WF,2025-04-06T15:52:02.194Z
BS244W1S5A,2025-04-06T15:52:02.194Z
BS24E9E02Z,2025-04-06T15:52:02.194Z
BS24N1H68Y,2025-04-06T15:52:02.194Z
BS24M5DWU0,2025-04-06T15:52:02.194Z
BS2436UVBL,2025-04-06T15:52:02.194Z
BS24V9PKCK,2025-04-06T15:52:02.194Z
BS24ZO2VM8,2025-04-06T15:52:02.194Z
BS24ZUT36L,2025-04-06T15:52:02.194Z
BS241XB74I,2025-04-06T15:52:02.194Z
BS245Q9TVX,2025-04-06T15:52:02.194Z
BS243FMNCY,2025-04-06T15:52:02.194Z
BS240EMITG,2025-04-06T15:52:02.194Z
BS24V31CVV,2025-04-06T15:52:02.194Z
BS24GUG9SS,2025-04-06T15:52:02.194Z
BS24XC5UYU,2025-04-06T15:52:02.194Z
BS24NMDP2M,2025-04-06T15:52:02.194Z
BS2476BQ3I,2025-04-06T15:52:02.194Z
BS24OGNTJ6,2025-04-06T15:52:02.194Z
BS24L9B1VM,2025-04-06T15:52:02.194Z
BS24WZQRBJ,2025-04-06T15:52:02.194Z
BS24VHTSOA,2025-04-06T15:52:02.194Z
BS241QIL0Y,2025-04-06T15:52:02.194Z
BS24ZPFSEC,2025-04-06T15:52:02.194Z
BS243XPKBO,2025-04-06T15:52:02.194Z
BS24BQWPPW,2025-04-06T15:52:02.194Z
BS24VXB2PJ,2025-04-06T15:52:02.194Z
BS24XJ8BX2,2025-04-06T15:52:02.194Z
BS24O7DWNM,2025-04-06T15:52:02.194Z
BS24H7XRMH,2025-04-06T15:52:02.194Z
BS24569GUS,2025-04-06T15:52:02.194Z
BS248N4YOD,2025-04-06T15:52:02.194Z
BS247OJS2R,2025-04-06T15:52:02.194Z
BS24TVGL07,2025-04-06T15:52:02.194Z
BS24XPVSKS,2025-04-06T15:52:02.194Z
BS2441OJS0,2025-04-06T15:52:02.194Z
BS24E9X14I,2025-04-06T15:52:02.194Z
BS24CH9GBR,2025-04-06T15:52:02.194Z
BS24ZMMT7N,2025-04-06T15:52:02.194Z
BS241CH670,2025-04-06T15:52:02.194Z
BS2449TC7V,2025-04-06T15:52:02.194Z
BS24ZRQHPA,2025-04-06T15:52:02.194Z
BS24HVJ4E4,2025-04-06T15:52:02.194Z
BS24H49MER,2025-04-06T15:52:02.194Z
BS24JOA710,2025-04-06T15:52:02.194Z
BS24S90HUD,2025-04-06T15:52:02.194Z
BS24U3GPUH,2025-04-06T15:52:02.194Z
BS244IUBHA,2025-04-06T15:52:02.194Z
BS24EUTV3L,2025-04-06T15:52:02.194Z
BS24PYW45A,2025-04-06T15:52:02.194Z
BS24KQBXL3,2025-04-06T15:52:02.194Z
BS24MLWQ80,2025-04-06T15:52:02.194Z
BS24PJ4806,2025-04-06T15:52:02.194Z
BS240L3R28,2025-04-06T15:52:02.194Z
BS244EJ09E,2025-04-06T15:52:02.194Z
BS2422H8HG,2025-04-06T15:52:02.194Z
BS24WS6BW2,2025-04-06T15:52:02.194Z
BS244DL4JK,2025-04-06T15:52:02.194Z
BS24W24OUB,2025-04-06T15:52:02.194Z
BS24QEWKMB,2025-04-06T15:52:02.194Z
BS24ICKB4W,2025-04-06T15:52:02.194Z
BS2430F8X5,2025-04-06T15:52:02.194Z
BS24XGXD64,2025-04-06T15:52:02.194Z
BS24ID5KBN,2025-04-06T15:52:02.194Z
BS249DVQBR,2025-04-06T15:52:02.194Z
BS243VIGZ6,2025-04-06T15:52:02.194Z
BS24L6H2Y7,2025-04-06T15:52:02.194Z
BS24RIMIOQ,2025-04-06T15:52:02.194Z
BS24HF4NJ1,2025-04-06T15:52:02.194Z
BS240MA94D,2025-04-06T15:52:02.194Z
BS24B60POJ,2025-04-06T15:52:02.194Z
BS24Z5Y7M3,2025-04-06T15:52:02.194Z
BS24SWK0WL,2025-04-06T15:52:02.194Z
BS243VR9PZ,2025-04-06T15:52:02.194Z
BS24QI1TN9,2025-04-06T15:52:02.194Z
BS24AJEX6P,2025-04-06T15:52:02.194Z
BS24TKX9NP,2025-04-06T15:52:02.194Z
BS24VXHT58,2025-04-06T15:52:02.194Z
BS24OX3S82,2025-04-06T15:52:02.194Z
BS24HIYYJM,2025-04-06T15:52:02.194Z
BS24T8XZBI,2025-04-06T15:52:02.194Z
BS24R2KNUP,2025-04-06T15:52:02.194Z
BS24Z1L2AC,2025-04-06T15:52:02.194Z
BS24YIK2FW,2025-04-06T15:52:02.194Z
BS246TTK65,2025-04-06T15:52:02.194Z
BS24JH47PD,2025-04-06T15:52:02.194Z
BS24F9IVMF,2025-04-06T15:52:02.194Z
BS24IAARXM,2025-04-06T15:52:02.194Z
BS24CR3PMH,2025-04-06T15:52:02.194Z
BS24BQ7VOF,2025-04-06T15:52:02.194Z
BS24W99K1F,2025-04-06T15:52:02.194Z
BS246R0J4J,2025-04-06T15:52:02.194Z
BS24SSGDFO,2025-04-06T15:52:02.194Z
BS24OCQI7P,2025-04-06T15:52:02.194Z
BS24R2ENG0,2025-04-06T15:52:02.194Z
BS24NYV0MH,2025-04-06T15:52:02.194Z
BS24J4MAJT,2025-04-06T15:52:02.194Z
BS24W2CUPM,2025-04-06T15:52:02.194Z
BS24Q6WAMK,2025-04-06T15:52:02.194Z
BS24ZH8DHR,2025-04-06T15:52:02.194Z
BS24PY4P8S,2025-04-06T15:52:02.194Z
BS24CL1V9F,2025-04-06T15:52:02.194Z
BS24O5A6PO,2025-04-06T15:52:02.194Z
BS24KVOVUJ,2025-04-06T15:52:02.194Z
BS24VXDJNC,2025-04-06T15:52:02.194Z
BS24LE3D1Y,2025-04-06T15:52:02.194Z
BS24C3YZPH,2025-04-06T15:52:02.194Z
BS24Y3036W,2025-04-06T15:52:02.194Z
BS24T0FNRH,2025-04-06T15:52:02.194Z
BS24QNW1SS,2025-04-06T15:52:02.194Z
BS24OOHH3H,2025-04-06T15:52:02.194Z
BS240KMPDG,2025-04-06T15:52:02.194Z
BS24070I6P,2025-04-06T15:52:02.194Z
BS24EIM6ED,2025-04-06T15:52:02.194Z
BS2482LY9L,2025-04-06T15:52:02.194Z
BS249BBAYK,2025-04-06T15:52:02.194Z
BS245GCYHX,2025-04-06T15:52:02.194Z
BS24C1600D,2025-04-06T15:52:02.194Z
BS240I101F,2025-04-06T15:52:02.194Z
BS24LQKL2F,2025-04-06T15:52:02.194Z
BS24XHD207,2025-04-06T15:52:02.194Z
BS24MLOBJD,2025-04-06T15:52:02.194Z
BS24LLFYKU,2025-04-06T15:52:02.194Z
BS24O5YD5H,2025-04-06T15:52:02.194Z
BS24SOIZO4,2025-04-06T15:52:02.194Z
BS24OFVX46,2025-04-06T15:52:02.194Z
BS24T0HLW2,2025-04-06T15:52:02.194Z
BS24BX0NR1,2025-04-06T15:52:02.194Z
BS24HB3A5Z,2025-04-06T15:52:02.194Z
BS248PMYUH,2025-04-06T15:52:02.194Z
BS24XR66GG,2025-04-06T15:52:02.194Z
BS24E1JFWC,2025-04-06T15:52:02.194Z
BS2421WU5U,2025-04-06T15:52:02.194Z
BS24CTLODN,2025-04-06T15:52:02.194Z
BS24ECJWP8,2025-04-06T15:52:02.194Z
BS24VM14NZ,2025-04-06T15:52:02.194Z
BS24NMBXDN,2025-04-06T15:52:02.194Z
BS24USXD2K,2025-04-06T15:52:02.194Z
BS24IJUVMJ,2025-04-06T15:52:02.194Z
BS24J2KZZ0,2025-04-06T15:52:02.194Z
BS24YH6Q2E,2025-04-06T15:52:02.194Z
BS24WTH6PY,2025-04-06T15:52:02.194Z
BS24UD4H7K,2025-04-06T15:52:02.194Z
BS243NDXVS,2025-04-06T15:52:02.194Z
BS24G4IFWC,2025-04-06T15:52:02.194Z
BS24AIMF9Q,2025-04-06T15:52:02.194Z
BS24OL1DEI,2025-04-06T15:52:02.194Z
BS24CLW20G,2025-04-06T15:52:02.194Z
BS248CL1QD,2025-04-06T15:52:02.194Z
BS24QMPFCC,2025-04-06T15:52:02.194Z
BS242BP8V6,2025-04-06T15:52:02.194Z
BS24QCGDSU,2025-04-06T15:52:02.194Z
BS242FLWEL,2025-04-06T15:52:02.194Z
BS247YCSVZ,2025-04-06T15:52:02.194Z
BS249O4JY9,2025-04-06T15:52:02.194Z
BS24ZDI885,2025-04-06T15:52:02.194Z
BS24Q39BJO,2025-04-06T15:52:02.194Z
BS24BTMNDD,2025-04-06T15:52:02.194Z
BS24C7CA56,2025-04-06T15:52:02.194Z
BS24HX7DM1,2025-04-06T15:52:02.194Z
BS24ARLAMR,2025-04-06T15:52:02.194Z
BS24X7JBQ3,2025-04-06T15:52:02.194Z
BS244555R6,2025-04-06T15:52:02.194Z
BS24D9M3VM,2025-04-06T15:52:02.194Z
BS24ACVMUS,2025-04-06T15:52:02.194Z
BS2421XGHF,2025-04-06T15:52:02.194Z
BS243S5Q3M,2025-04-06T15:52:02.194Z
BS24WFX161,2025-04-06T15:52:02.194Z
BS24VE2KA9,2025-04-06T15:52:02.194Z
BS24SVHL8O,2025-04-06T15:52:02.194Z
BS24VGIA6G,2025-04-06T15:52:02.194Z
BS24AVV12J,2025-04-06T15:52:02.194Z
BS2406MZTH,2025-04-06T15:52:02.194Z
BS246HGJQB,2025-04-06T15:52:02.194Z
BS244WG5J3,2025-04-06T15:52:02.194Z
BS242VZRMN,2025-04-06T15:52:02.194Z
BS24SPISXA,2025-04-06T15:52:02.194Z
BS24V8R8HR,2025-04-06T15:52:02.194Z
BS24XEY2DP,2025-04-06T15:52:02.194Z
BS241ZQ0OQ,2025-04-06T15:52:02.194Z
BS2488NO02,2025-04-06T15:52:02.194Z
BS24IC0A3F,2025-04-06T15:52:02.194Z
BS24OOBYBH,2025-04-06T15:52:02.194Z
BS24VBOAQT,2025-04-06T15:52:02.194Z
BS24Q46CMZ,2025-04-06T15:52:02.194Z
BS24E9QWK6,2025-04-06T15:52:02.194Z
BS24YTMLHW,2025-04-06T15:52:02.194Z
BS24D5UIEC,2025-04-06T15:52:02.194Z
BS24MU7S9H,2025-04-06T15:52:02.194Z
BS246EJJYE,2025-04-06T15:52:02.194Z
BS24Q49I94,2025-04-06T15:52:02.194Z
BS24PAJX0G,2025-04-06T15:52:02.194Z
BS24KVO629,2025-04-06T15:52:02.194Z
BS24063WVV,2025-04-06T15:52:02.194Z
BS24DURFZR,2025-04-06T15:52:02.194Z
BS24GUEWMM,2025-04-06T15:52:02.194Z
BS2446K7VX,2025-04-06T15:52:02.194Z
BS24HVDSV9,2025-04-06T15:52:02.194Z
BS24BEP8DF,2025-04-06T15:52:02.194Z
BS24AKBEEC,2025-04-06T15:52:02.194Z
BS24I4HJA2,2025-04-06T15:52:02.194Z
BS241CM1EQ,2025-04-06T15:52:02.194Z
BS24ISRO9F,2025-04-06T15:52:02.194Z
BS246DUPPI,2025-04-06T15:52:02.194Z
BS24T8BCA1,2025-04-06T15:52:02.194Z
BS24MBHEDD,2025-04-06T15:52:02.194Z
BS244E3CR0,2025-04-06T15:52:02.194Z
BS24DPHFWZ,2025-04-06T15:52:02.194Z
BS24VGQDVH,2025-04-06T15:52:02.194Z
BS249HAI2N,2025-04-06T15:52:02.194Z
BS24BVMAMB,2025-04-06T15:52:02.194Z
BS24KS4S2J,2025-04-06T15:52:02.194Z
BS2471QVI0,2025-04-06T15:52:02.194Z
BS240HRMAP,2025-04-06T15:52:02.194Z
BS24VMI85F,2025-04-06T15:52:02.194Z
BS248VZS46,2025-04-06T15:52:02.194Z
BS24T43JUJ,2025-04-06T15:52:02.194Z
BS249QEGXM,2025-04-06T15:52:02.194Z
BS24YIL0F3,2025-04-06T15:52:02.194Z
BS24O66ME6,2025-04-06T15:52:02.194Z
BS24GSI696,2025-04-06T15:52:02.194Z
BS24TF8KBU,2025-04-06T15:52:02.194Z
BS249IXGUL,2025-04-06T15:52:02.194Z
BS24CJWEII,2025-04-06T15:52:02.194Z
BS24U1K3B0,2025-04-06T15:52:02.194Z
BS24GVMZLD,2025-04-06T15:52:02.194Z
BS24G9P3AX,2025-04-06T15:52:02.194Z
BS24OHIZHD,2025-04-06T15:52:02.194Z
BS24DZSXZ1,2025-04-06T15:52:02.194Z
BS246F3SZL,2025-04-06T15:52:02.194Z
BS241YAT0G,2025-04-06T15:52:02.194Z
BS24ODI8ZJ,2025-04-06T15:52:02.194Z
BS24NG9RP7,2025-04-06T15:52:02.194Z
BS24UQ9I0Q,2025-04-06T15:52:02.194Z
BS24WUZZCA,2025-04-06T15:52:02.194Z
BS24EMY8BW,2025-04-06T15:52:02.194Z
BS245FD4I0,2025-04-06T15:52:02.194Z
BS246900D7,2025-04-06T15:52:02.194Z
BS24L0ZDML,2025-04-06T15:52:02.194Z
BS2457F7OL,2025-04-06T15:52:02.194Z
BS24JP34QM,2025-04-06T15:52:02.194Z
BS24UUZDN7,2025-04-06T15:52:02.194Z
BS24HGMZJ6,2025-04-06T15:52:02.194Z
BS24RC77IG,2025-04-06T15:52:02.194Z
BS24ZU4K2C,2025-04-06T15:52:02.194Z
BS24UZKS8V,2025-04-06T15:52:02.194Z
BS24DY8U74,2025-04-06T15:52:02.194Z
BS24PYBHBR,2025-04-06T15:52:02.194Z
BS24ER7HME,2025-04-06T15:52:02.194Z
BS24DFDEVD,2025-04-06T15:52:02.194Z
BS24APA1O4,2025-04-06T15:52:02.194Z
BS24WC0LGV,2025-04-06T15:52:02.194Z
BS24USA83L,2025-04-06T15:52:02.194Z
BS24GCJJQY,2025-04-06T15:52:02.194Z
BS24K3PUI5,2025-04-06T15:52:02.194Z
BS2425RLNZ,2025-04-06T15:52:02.194Z
BS24RS4J5Y,2025-04-06T15:52:02.194Z
BS240BRZCP,2025-04-06T15:52:02.194Z
BS24TOODHJ,2025-04-06T15:52:02.194Z
BS243CBR8M,2025-04-06T15:52:02.194Z
BS240EBLAF,2025-04-06T15:52:02.194Z
BS24UXUX46,2025-04-06T15:52:02.194Z
BS248TUHZB,2025-04-06T15:52:02.194Z
BS241DYRMB,2025-04-06T15:52:02.194Z
BS24Q0TJVZ,2025-04-06T15:52:02.194Z
BS24E5H4A3,2025-04-06T15:52:02.194Z
BS24TDLRXW,2025-04-06T15:52:02.194Z
BS24GJJ295,2025-04-06T15:52:02.194Z
BS24WSA13U,2025-04-06T15:52:02.194Z
BS24SW8Y0W,2025-04-06T15:52:02.194Z
BS244817VL,2025-04-06T15:52:02.194Z
BS2413GE8M,2025-04-06T15:52:02.194Z
BS24MY7IFS,2025-04-06T15:52:02.194Z
BS24L3AXC0,2025-04-06T15:52:02.194Z
BS24RL25Z2,2025-04-06T15:52:02.194Z
BS24QUMGXF,2025-04-06T15:52:02.194Z
BS2464NW7P,2025-04-06T15:52:02.194Z
BS24H1R4Q4,2025-04-06T15:52:02.194Z
BS247031K1,2025-04-06T15:52:02.194Z
BS24KJE8KE,2025-04-06T15:52:02.194Z
BS24NOXUKQ,2025-04-06T15:52:02.194Z
BS249C234A,2025-04-06T15:52:02.194Z
BS24USVNPV,2025-04-06T15:52:02.194Z
BS245L4CXL,2025-04-06T15:52:02.194Z
BS24IFWF54,2025-04-06T15:52:02.194Z
BS24HAECCN,2025-04-06T15:52:02.194Z
BS24713QBP,2025-04-06T15:52:02.194Z
BS24ZTHI0Q,2025-04-06T15:52:02.194Z
BS24O7OON8,2025-04-06T15:52:02.194Z
BS24RURL36,2025-04-06T15:52:02.194Z
BS24QBM8IT,2025-04-06T15:52:02.194Z
BS24SHPAFW,2025-04-06T15:52:02.194Z
BS248PKOTJ,2025-04-06T15:52:02.194Z
BS24J7K9KR,2025-04-06T15:52:02.194Z
BS24WYWGLO,2025-04-06T15:52:02.194Z
BS24ECWKKT,2025-04-06T15:52:02.194Z
BS24KZH64D,2025-04-06T15:52:02.194Z
BS240P22F5,2025-04-06T15:52:02.194Z
BS24X2UN73,2025-04-06T15:52:02.194Z
BS24D9FK7Q,2025-04-06T15:52:02.194Z
BS24J1FHR2,2025-04-06T15:52:02.194Z
BS24E7SKG7,2025-04-06T15:52:02.194Z
BS24F6SI67,2025-04-06T15:52:02.194Z
BS2400CNX5,2025-04-06T15:52:02.194Z
BS24B3L7BF,2025-04-06T15:52:02.194Z
BS24GDG297,2025-04-06T15:52:02.194Z
BS24RBMGL2,2025-04-06T15:52:02.194Z
BS24HQGH0A,2025-04-06T15:52:02.194Z
BS24PYIL7N,2025-04-06T15:52:02.194Z
BS245S6GHL,2025-04-06T15:52:02.194Z
BS24CQ0VV7,2025-04-06T15:52:02.194Z
BS24IF625S,2025-04-06T15:52:02.194Z
BS240I4KV9,2025-04-06T15:52:02.194Z
BS24D6ZI9U,2025-04-06T15:52:02.194Z
BS247WZTV5,2025-04-06T15:52:02.194Z
BS24R4SBBQ,2025-04-06T15:52:02.194Z
BS24HIQ8GG,2025-04-06T15:52:02.194Z
BS24FIIHK4,2025-04-06T15:52:02.194Z
BS24E8VGZ5,2025-04-06T15:52:02.194Z
BS242V2FOJ,2025-04-06T15:52:02.194Z
BS24TN08EG,2025-04-06T15:52:02.194Z
BS24WCCSG4,2025-04-06T15:52:02.194Z
BS24A06MKA,2025-04-06T15:52:02.194Z
BS247LK5DW,2025-04-06T15:52:02.194Z
BS24CW897K,2025-04-06T15:52:02.194Z
BS2499AM7Y,2025-04-06T15:52:02.194Z
BS24BS2IJ6,2025-04-06T15:52:02.194Z
BS246XNGJT,2025-04-06T15:52:02.194Z
BS2418VKA3,2025-04-06T15:52:02.194Z
BS24I76S92,2025-04-06T15:52:02.194Z
BS24S6IU0B,2025-04-06T15:52:02.194Z
BS24OMP53B,2025-04-06T15:52:02.194Z
BS24PJOY3T,2025-04-06T15:52:02.194Z
BS244OFPUS,2025-04-06T15:52:02.194Z
BS246Z199V,2025-04-06T15:52:02.194Z
BS24KK5XME,2025-04-06T15:52:02.194Z
BS246CYY05,2025-04-06T15:52:02.194Z
BS24JGEN1N,2025-04-06T15:52:02.194Z
BS24BSU7L9,2025-04-06T15:52:02.194Z
BS24EA91FX,2025-04-06T15:52:02.194Z
BS243V06MF,2025-04-06T15:52:02.194Z
BS2430LA7Q,2025-04-06T15:52:02.194Z
BS24QKC41K,2025-04-06T15:52:02.194Z
BS242F9LWK,2025-04-06T15:52:02.194Z
BS24FH53CB,2025-04-06T15:52:02.194Z
BS249WQZBD,2025-04-06T15:52:02.194Z
BS24458PSJ,2025-04-06T15:52:02.194Z
BS24VD2YBB,2025-04-06T15:52:02.194Z
BS24Y9D8AC,2025-04-06T15:52:02.194Z
BS24L1BJQP,2025-04-06T15:52:02.194Z
BS24MI3GW8,2025-04-06T15:52:02.194Z
BS245835JN,2025-04-06T15:52:02.194Z
BS2495JX2J,2025-04-06T15:52:02.194Z
BS247XMUSJ,2025-04-06T15:52:02.194Z
BS24SDAIZN,2025-04-06T15:52:02.194Z
BS24997UM0,2025-04-06T15:52:02.194Z
BS248OGF9N,2025-04-06T15:52:02.194Z
BS24UEKBA8,2025-04-06T15:52:02.194Z
BS24ZV66RH,2025-04-06T15:52:02.194Z
BS24JI67BJ,2025-04-06T15:52:02.194Z
BS2411FBLG,2025-04-06T15:52:02.194Z
BS249T83VI,2025-04-06T15:52:02.194Z
BS24PB83CN,2025-04-06T15:52:02.194Z
BS248P593D,2025-04-06T15:52:02.194Z
BS24QSVXUA,2025-04-06T15:52:02.194Z
BS24EIS7QU,2025-04-06T15:52:02.194Z
BS24R444U1,2025-04-06T15:52:02.194Z
BS24JMZOGO,2025-04-06T15:52:02.194Z
BS24O6X20Y,2025-04-06T15:52:02.194Z
BS24GLYN4E,2025-04-06T15:52:02.194Z
BS24VPFFI6,2025-04-06T15:52:02.194Z
BS2455RB2H,2025-04-06T15:52:02.194Z
BS24YP09QZ,2025-04-06T15:52:02.194Z
BS24XLJ8UW,2025-04-06T15:52:02.194Z
BS24NGIKSV,2025-04-06T15:52:02.194Z
BS248YOYDS,2025-04-06T15:52:02.194Z
BS24IRT52L,2025-04-06T15:52:02.194Z
BS24N9N4MP,2025-04-06T15:52:02.194Z
BS246XVZ2Y,2025-04-06T15:52:02.194Z
BS24SG29DI,2025-04-06T15:52:02.194Z
BS24OFH9FE,2025-04-06T15:52:02.194Z
BS24PISEZG,2025-04-06T15:52:02.194Z
BS24BE2T2W,2025-04-06T15:52:02.194Z
BS24PZTZ7E,2025-04-06T15:52:02.194Z
BS241FRL1N,2025-04-06T15:52:02.194Z
BS24R9NURJ,2025-04-06T15:52:02.194Z
BS24LUVVIY,2025-04-06T15:52:02.194Z
BS24HN27IN,2025-04-06T15:52:02.194Z
BS24BQ29HD,2025-04-06T15:52:02.194Z
BS242CKO2N,2025-04-06T15:52:02.194Z
BS24IYC4Y1,2025-04-06T15:52:02.194Z
BS24TR140E,2025-04-06T15:52:02.194Z
BS249E2XLN,2025-04-06T15:52:02.194Z
BS24N95CQ3,2025-04-06T15:52:02.194Z
BS24YDNFQ3,2025-04-06T15:52:02.194Z
BS24H87N0K,2025-04-06T15:52:02.194Z
BS24MNDMHZ,2025-04-06T15:52:02.194Z
BS24PXMK6P,2025-04-06T15:52:02.194Z
BS2409JIKE,2025-04-06T15:52:02.194Z
BS241NNUCK,2025-04-06T15:52:02.194Z
BS2456KAXX,2025-04-06T15:52:02.194Z
BS24KVZTRC,2025-04-06T15:52:02.194Z
BS245PG20X,2025-04-06T15:52:02.194Z
BS24L3RILO,2025-04-06T15:52:02.194Z
BS24SBBXA1,2025-04-06T15:52:02.194Z
BS2461BP5T,2025-04-06T15:52:02.194Z
BS24OY0KPX,2025-04-06T15:52:02.194Z
BS248P5525,2025-04-06T15:52:02.194Z
BS24909R5M,2025-04-06T15:52:02.194Z
BS24Z0NVUN,2025-04-06T15:52:02.194Z
BS24R0FTC4,2025-04-06T15:52:02.194Z
BS24A5KH1T,2025-04-06T15:52:02.194Z
BS24UW2I0B,2025-04-06T15:52:02.194Z
BS246NQXLE,2025-04-06T15:52:02.194Z
BS24ANFKF8,2025-04-06T15:52:02.194Z
BS24H9IWBO,2025-04-06T15:52:02.194Z
BS24X9KV3X,2025-04-06T15:52:02.194Z
BS24PMW1FT,2025-04-06T15:52:02.194Z
BS24FSULC5,2025-04-06T15:52:02.194Z
BS24SWODSO,2025-04-06T15:52:02.194Z
BS2436GVGE,2025-04-06T15:52:02.194Z
BS24J6DXMG,2025-04-06T15:52:02.194Z
BS24NQLQN2,2025-04-06T15:52:02.194Z
BS24BGX0NS,2025-04-06T15:52:02.194Z
BS24P47YS9,2025-04-06T15:52:02.194Z
BS24QR16RK,2025-04-06T15:52:02.194Z
BS2405K4C3,2025-04-06T15:52:02.194Z
BS2411U4G8,2025-04-06T15:52:02.194Z
BS24DF83TA,2025-04-06T15:52:02.194Z
BS241ODLIR,2025-04-06T15:52:02.194Z
BS24GKI6JY,2025-04-06T15:52:02.194Z
BS24JFOXY9,2025-04-06T15:52:02.194Z
BS246HT8XM,2025-04-06T15:52:02.194Z
BS24QR1BIN,2025-04-06T15:52:02.194Z
BS245O0ZDJ,2025-04-06T15:52:02.194Z
BS24WGBAG1,2025-04-06T15:52:02.194Z
BS24L505UN,2025-04-06T15:52:02.194Z
BS24MH9O48,2025-04-06T15:52:02.194Z
BS24MR0NBA,2025-04-06T15:52:02.194Z
BS24V8U4DP,2025-04-06T15:52:02.194Z
BS24YSB1FS,2025-04-06T15:52:02.194Z
BS248ZTTD7,2025-04-06T15:52:02.194Z
BS24JTPUWY,2025-04-06T15:52:02.194Z
BS244NVSIH,2025-04-06T15:52:02.194Z
BS24NSFPA4,2025-04-06T15:52:02.194Z
BS24YEA0IU,2025-04-06T15:52:02.194Z
BS24X6061W,2025-04-06T15:52:02.194Z
BS24H1F6C3,2025-04-06T15:52:02.194Z
BS24ZR91HV,2025-04-06T15:52:02.194Z
BS24NVKXPT,2025-04-06T15:52:02.194Z
BS24L3M0MS,2025-04-06T15:52:02.194Z
BS24IMZWRG,2025-04-06T15:52:02.194Z
BS24FZPI7G,2025-04-06T15:52:02.194Z
BS248A2B1U,2025-04-06T15:52:02.194Z
BS24KDO1ZT,2025-04-06T15:52:02.194Z
BS24HETMLX,2025-04-06T15:52:02.194Z
BS24QD5M2J,2025-04-06T15:52:02.194Z
BS24ZXOSVD,2025-04-06T15:52:02.194Z
BS24FJAN66,2025-04-06T15:52:02.194Z
BS24M2BNHU,2025-04-06T15:52:02.194Z
BS248A6Z8G,2025-04-06T15:52:02.194Z
BS24RB5JKY,2025-04-06T15:52:02.194Z
BS24QH92UK,2025-04-06T15:52:02.194Z
BS24ES2151,2025-04-06T15:52:02.194Z
BS24IZPE97,2025-04-06T15:52:02.194Z
BS247H7O35,2025-04-06T15:52:02.194Z
BS24J6C2BT,2025-04-06T15:52:02.194Z
BS24VU8J5T,2025-04-06T15:52:02.194Z
BS24P1H6OM,2025-04-06T15:52:02.194Z
BS24YT8AM3,2025-04-06T15:52:02.194Z
BS24GR6TJE,2025-04-06T15:52:02.194Z
BS2436V981,2025-04-06T15:52:02.194Z
BS243C4U3G,2025-04-06T15:52:02.194Z
BS245OHA4K,2025-04-06T15:52:02.194Z
BS24TWBDNY,2025-04-06T15:52:02.194Z
BS24P1HADP,2025-04-06T15:52:02.194Z
BS24NK0DWU,2025-04-06T15:52:02.194Z
BS24KA8MBD,2025-04-06T15:52:02.194Z
BS24L6BR1F,2025-04-06T15:52:02.194Z
BS244JN00X,2025-04-06T15:52:02.194Z
BS24O7ERZI,2025-04-06T15:52:02.194Z
BS242KB51Z,2025-04-06T15:52:02.194Z
BS24H4XVCT,2025-04-06T15:52:02.194Z
BS243799KM,2025-04-06T15:52:02.194Z
BS24PCDIM6,2025-04-06T15:52:02.194Z
BS24OLEITU,2025-04-06T15:52:02.194Z
BS24BCHH5I,2025-04-06T15:52:02.194Z
BS249YZBH6,2025-04-06T15:52:02.194Z
BS24LPGVEK,2025-04-06T15:52:02.194Z
BS249545LM,2025-04-06T15:52:02.194Z
BS245Z6VJF,2025-04-06T15:52:02.194Z
BS246MGALU,2025-04-06T15:52:02.194Z
BS24HHUO61,2025-04-06T15:52:02.194Z
BS24T8WZ76,2025-04-06T15:52:02.194Z
BS24CK8SUB,2025-04-06T15:52:02.194Z
BS24O97G1C,2025-04-06T15:52:02.194Z
BS24BFP449,2025-04-06T15:52:02.194Z
BS24VDPCY4,2025-04-06T15:52:02.194Z
BS24ZFD9XN,2025-04-06T15:52:02.194Z
BS24RR6UPY,2025-04-06T15:52:02.194Z
BS24MKMWZ6,2025-04-06T15:52:02.194Z
BS248BDF2Q,2025-04-06T15:52:02.194Z
BS24P3VU2C,2025-04-06T15:52:02.194Z
BS24PC2389,2025-04-06T15:52:02.194Z
BS24WA2ALK,2025-04-06T15:52:02.194Z
BS24R17CH2,2025-04-06T15:52:02.194Z
BS24OUHYTX,2025-04-06T15:52:02.194Z
BS24LWFGUQ,2025-04-06T15:52:02.194Z
BS24ZLZVP5,2025-04-06T15:52:02.194Z
BS24LUT9PE,2025-04-06T15:52:02.194Z
BS24BWH7K3,2025-04-06T15:52:02.194Z
BS248Q8KIP,2025-04-06T15:52:02.194Z
BS24SNLW99,2025-04-06T15:52:02.194Z
BS24N4TIZN,2025-04-06T15:52:02.194Z
BS24YXIF2F,2025-04-06T15:52:02.194Z
BS24SHTH6O,2025-04-06T15:52:02.194Z
BS24BOU3TO,2025-04-06T15:52:02.194Z
BS24APCY9A,2025-04-06T15:52:02.194Z
BS2443F6HP,2025-04-06T15:52:02.194Z
BS243IZ59E,2025-04-06T15:52:02.194Z
BS24SVQ15E,2025-04-06T15:52:02.194Z
BS24MYT29D,2025-04-06T15:52:02.194Z
BS24662CUQ,2025-04-06T15:52:02.194Z
BS240SL23D,2025-04-06T15:52:02.194Z
BS24ON3AZK,2025-04-06T15:52:02.194Z
BS248R7DNR,2025-04-06T15:52:02.194Z
BS2474QL0C,2025-04-06T15:52:02.194Z
BS24DEMR54,2025-04-06T15:52:02.194Z
BS24IVMAEI,2025-04-06T15:52:02.194Z
BS24410O4R,2025-04-06T15:52:02.194Z
BS241BHS4Z,2025-04-06T15:52:02.194Z
BS245D1O7Z,2025-04-06T15:52:02.194Z
BS244WM5Z3,2025-04-06T15:52:02.194Z
BS24O6G5P2,2025-04-06T15:52:02.194Z
BS246ZAV2U,2025-04-06T15:52:02.194Z
BS24HZ8RVG,2025-04-06T15:52:02.194Z
BS24NHWF9C,2025-04-06T15:52:02.194Z
BS24WFX9U4,2025-04-06T15:52:02.194Z
BS24RZETO1,2025-04-06T15:52:02.194Z
BS2470FP08,2025-04-06T15:52:02.194Z
BS24NW5UEB,2025-04-06T15:52:02.194Z
BS2411G1NR,2025-04-06T15:52:02.194Z
BS24CEBE6P,2025-04-06T15:52:02.194Z
BS24DABOS5,2025-04-06T15:52:02.194Z
BS24GS02Z4,2025-04-06T15:52:02.194Z
BS24923ECD,2025-04-06T15:52:02.194Z
BS24DCKWK7,2025-04-06T15:52:02.194Z
BS24I3MDM8,2025-04-06T15:52:02.194Z
BS24A7OKYX,2025-04-06T15:52:02.194Z
BS244NUFBQ,2025-04-06T15:52:02.194Z
BS24SIIL7R,2025-04-06T15:52:02.194Z
BS24LHKQ1P,2025-04-06T15:52:02.194Z
BS24K22NG4,2025-04-06T15:52:02.194Z
BS24W0UM59,2025-04-06T15:52:02.194Z
BS240LELYZ,2025-04-06T15:52:02.194Z
BS24BPAVRQ,2025-04-06T15:52:02.194Z
BS24QBCIQZ,2025-04-06T15:52:02.194Z
BS24ROWNUC,2025-04-06T15:52:02.194Z
BS24BBHKVH,2025-04-06T15:52:02.194Z
BS24OLFDHZ,2025-04-06T15:52:02.194Z
BS24Y9544N,2025-04-06T15:52:02.194Z
BS24DJ9K3I,2025-04-06T15:52:02.194Z
BS24ZKWETC,2025-04-06T15:52:02.194Z
BS24SZYRNQ,2025-04-06T15:52:02.194Z
BS24KZA75C,2025-04-06T15:52:02.194Z
BS24M79OVB,2025-04-06T15:52:02.194Z
BS24X4UDZP,2025-04-06T15:52:02.194Z
BS24OVTDE7,2025-04-06T15:52:02.194Z
BS248AAF3E,2025-04-06T15:52:02.194Z
BS248KOJCN,2025-04-06T15:52:02.194Z
BS24A8UKF2,2025-04-06T15:52:02.194Z
BS24NVZZ23,2025-04-06T15:52:02.194Z
BS24M36H8F,2025-04-06T15:52:02.194Z
BS24UNZUJ1,2025-04-06T15:52:02.194Z
BS249U4YNL,2025-04-06T15:52:02.194Z
BS24SQEVP2,2025-04-06T15:52:02.194Z
BS24BB2P7B,2025-04-06T15:52:02.194Z
BS249FWAZ4,2025-04-06T15:52:02.194Z
BS24GNOVC0,2025-04-06T15:52:02.194Z
BS24T2G1M6,2025-04-06T15:52:02.194Z
BS24II3633,2025-04-06T15:52:02.194Z
BS24Q72VPX,2025-04-06T15:52:02.194Z
BS24ZISLSY,2025-04-06T15:52:02.194Z
BS24X0MA67,2025-04-06T15:52:02.194Z
BS24VAQNCF,2025-04-06T15:52:02.194Z
BS24630Z6K,2025-04-06T15:52:02.194Z
BS24FRRH7X,2025-04-06T15:52:02.194Z
BS24Q5B8X4,2025-04-06T15:52:02.194Z
BS245L59T2,2025-04-06T15:52:02.194Z
BS244O6MDZ,2025-04-06T15:52:02.194Z
BS243AC4ZO,2025-04-06T15:52:02.194Z
BS24CUKY95,2025-04-06T15:52:02.194Z
BS24C7ZNRM,2025-04-06T15:52:02.194Z
BS24DTLAFI,2025-04-06T15:52:02.194Z
BS24GXMFYP,2025-04-06T15:52:02.194Z
BS24T50DXO,2025-04-06T15:52:02.194Z
BS24247NJN,2025-04-06T15:52:02.194Z
BS248RZXAV,2025-04-06T15:52:02.194Z
BS24UYF2D1,2025-04-06T15:52:02.194Z
BS249VVP4M,2025-04-06T15:52:02.194Z
BS245HTKIB,2025-04-06T15:52:02.194Z
BS24GBPJHK,2025-04-06T15:52:02.194Z
BS2453KG0P,2025-04-06T15:52:02.194Z
BS24UDPASW,2025-04-06T15:52:02.194Z
BS24HXJJPM,2025-04-06T15:52:02.194Z
BS24CW0O9L,2025-04-06T15:52:02.194Z
BS24LD5U8V,2025-04-06T15:52:02.194Z
BS24S8AMY9,2025-04-06T15:52:02.194Z
BS24UDLINC,2025-04-06T15:52:02.194Z
BS24LJJ0X3,2025-04-06T15:52:02.194Z
BS24HIX7OO,2025-04-06T15:52:02.194Z
BS24DQCGWI,2025-04-06T15:52:02.194Z
BS2466YMQX,2025-04-06T15:52:02.194Z
BS24ET9ZC2,2025-04-06T15:52:02.194Z
BS24MQJUOF,2025-04-06T15:52:02.194Z
BS24T0ERND,2025-04-06T15:52:02.194Z
BS247VFWZF,2025-04-06T15:52:02.194Z
BS24A8MMDF,2025-04-06T15:52:02.194Z
BS24HE4GMK,2025-04-06T15:52:02.194Z
BS24WMVHIO,2025-04-06T15:52:02.194Z
BS24GXEB5O,2025-04-06T15:52:02.194Z
BS24SOYHDJ,2025-04-06T15:52:02.194Z
BS24ADD7RC,2025-04-06T15:52:02.194Z
BS24RYDHP5,2025-04-06T15:52:02.194Z
BS245T5VVB,2025-04-06T15:52:02.194Z
BS24C4SCT5,2025-04-06T15:52:02.194Z
BS241SD6KQ,2025-04-06T15:52:02.194Z
BS24409VQT,2025-04-06T15:52:02.194Z
BS246WBP0C,2025-04-06T15:52:02.194Z
BS247KXB5T,2025-04-06T15:52:02.194Z
BS24LLBC59,2025-04-06T15:52:02.194Z
BS24ZNJVO2,2025-04-06T15:52:02.194Z
BS24JWI7X4,2025-04-06T15:52:02.194Z
BS248MANTU,2025-04-06T15:52:02.194Z
BS24GZSXNA,2025-04-06T15:52:02.194Z
BS24PTU25L,2025-04-06T15:52:02.194Z
BS24P6OE7O,2025-04-06T15:52:02.194Z
BS24KQH0NP,2025-04-06T15:52:02.194Z
BS24CSOAOD,2025-04-06T15:52:02.194Z
BS24FVJTLH,2025-04-06T15:52:02.194Z
BS24ZSY2UT,2025-04-06T15:52:02.194Z
BS24OBG627,2025-04-06T15:52:02.194Z
BS242XXLE2,2025-04-06T15:52:02.194Z
BS24BW5BMC,2025-04-06T15:52:02.194Z
BS242T0ZC8,2025-04-06T15:52:02.194Z
BS24E0BCSU,2025-04-06T15:52:02.194Z
BS24XQSZ8M,2025-04-06T15:52:02.194Z
BS24MDZECD,2025-04-06T15:52:02.194Z